Position,Const,Created,Modified,Description,Title,Original Title,URL,Title Type,IMDb Rating,Runtime (mins),Year,Genres,Num Votes,Release Date,Directors,Your Rating,Date Rated
1,tt0055630,2026-04-17,2026-04-17,"参考作品(山田)","用心棒","Yôjinbô",https://www.imdb.com/title/tt0055630/,映画,8.2,110,1961,"アクション, ドラマ, スリラー",142775,1961-04-25,"Akira Kurosawa",,
2,tt0110912,2026-04-17,2026-04-17,"バック・トゥ・ザ・フューチャー寄り(野津)","パルプ・フィクション","Pulp Fiction",https://www.imdb.com/title/tt0110912/,映画,8.8,154,1994,"犯罪, ドラマ",2429173,1994-10-08,"Quentin Tarantino",,
3,tt6802308,2026-04-17,2026-04-17,"世界仰天ニュースの再現V(野津)","15時17分、パリ行き","The 15:17 to Paris",https://www.imdb.com/title/tt6802308/,映画,5.3,94,2018,"バイオグラフィー, ドラマ, スリラー",37212,2018-03-01,"Clint Eastwood",,
4,tt0087884,2026-04-17,2026-04-17,"おしゃれな、映画好きっぽいやつ(野津)","パリ、テキサス","Paris, Texas",https://www.imdb.com/title/tt0087884/,映画,8.1,145,1984,"ドラマ",140352,1985-09-07,"Wim Wenders",,
5,tt0160127,2026-04-17,2026-04-17,"お色気アクションバカ映画(野津)","チャーリーズ・エンジェル","Charlie's Angels",https://www.imdb.com/title/tt0160127/,映画,5.7,98,2000,"アクション, アドベンチャー, コメディ, 犯罪, スリラー",207352,2000-11-11,"McG",,
6,tt0314331,2026-04-17,2026-04-17,"この映画を見て「映画をいっぱい見よう」って思った(山田)","ラブアクチュアリー","Love Actually",https://www.imdb.com/title/tt0314331/,映画,7.5,135,2003,"コメディ, ドラマ, ラブロマンス",579858,2004-02-07,"Richard Curtis",,
7,tt0175880,2026-04-17,2026-04-17,"「映画好きの人はこれを上手い映画だと思ってるんだな」って思えるのに最適(山田)","マグノリア","Magnolia",https://www.imdb.com/title/tt0175880/,映画,8.0,188,1999,"ドラマ",350184,2000-02-26,"Paul Thomas Anderson",,
8,tt0062622,2026-04-17,2026-04-17,"寝さそうとしてる？(山田)","2001年宇宙の旅","2001: A Space Odyssey",https://www.imdb.com/title/tt0062622/,映画,8.3,149,1968,"アドベンチャー, SF",781746,1968-04-11,"Stanley Kubrick",,
9,tt0816692,2026-04-17,2026-04-17,"親父は気づいて欲しそうな感じもある(山田)","インターステラー","Interstellar",https://www.imdb.com/title/tt0816692/,映画,8.7,169,2014,"アドベンチャー, ドラマ, SF",2515827,2014-11-22,"Christopher Nolan",,
10,tt1490017,2026-04-17,2026-04-17,"コメディ枠候補だが厳密にはキッズムービー(山田)","LEGO（R） ムービー","The Lego Movie",https://www.imdb.com/title/tt1490017/,映画,7.7,100,2014,"アニメーション, アクション, アドベンチャー, コメディ, ファミリー, ファンタジー, SF",414901,2014-03-21,"Phil Lord, Christopher Miller",,
11,tt1895587,2026-04-17,2026-04-17,"社会派枠としてどうですか(山田)","スポットライト 世紀のスクープ","Spotlight",https://www.imdb.com/title/tt1895587/,映画,8.1,129,2015,"バイオグラフィー, 犯罪, ドラマ",534409,2016-04-15,"Tom McCarthy",,
12,tt0232500,2026-04-17,2026-04-17,"スキルツリーとしてはものまね士(山田)","ワイルド・スピード","The Fast and the Furious",https://www.imdb.com/title/tt0232500/,映画,6.8,106,2001,"アクション, 犯罪, スリラー",456322,2001-10-20,"Rob Cohen",,
13,tt1392190,2026-04-17,2026-04-17,"普通にこういうリスト作るなら入れるべき(野津)バイオやるならRE:2とりあえずやっとけば?みたいな雰囲気(山田)","マッドマックス　怒りのデス・ロード","Mad Max: Fury Road",https://www.imdb.com/title/tt1392190/,映画,8.1,120,2015,"アクション, アドベンチャー, SF",1203861,2015-06-20,"George Miller",,
14,tt0106856,2026-04-17,2026-04-17,"ロサンゼルスの暑さにやんなっちゃった主人公がいろんなところに行ってはブチギレまくる映画(野津)","フォーリング・ダウン","Falling Down",https://www.imdb.com/title/tt0106856/,映画,7.5,113,1993,"犯罪, ドラマ, スリラー",225853,1993-07-31,"Joel Schumacher",,
15,tt0072271,2026-04-17,2026-04-17,"見てはいけないものが写ってるのではないか？って感じさせるヤバい映画(野津)","悪魔のいけにえ","The Texas Chain Saw Massacre",https://www.imdb.com/title/tt0072271/,映画,7.4,83,1974,"ホラー",211415,1975-02-01,"Tobe Hooper",,
16,tt0068646,2026-04-17,2026-04-17,"面白さに辿り着くまでの道のりが遠い(山田)いい顔したおじさんたちがいっぱい出てくるので天国みたいなもの(野津)","ゴッドファーザー","The Godfather",https://www.imdb.com/title/tt0068646/,映画,9.2,175,1972,"犯罪, ドラマ",2220584,1972-07-15,"Francis Ford Coppola",,
17,tt11813216,2026-04-17,2026-04-17,"あー友達が必要だな、っていうただその一点のみで映画が終われる、人生を変える可能性を持つ映画(山田)","イニシェリン島の精霊","The Banshees of Inisherin",https://www.imdb.com/title/tt11813216/,映画,7.6,114,2022,"コメディ, ドラマ",295018,2023-01-27,"Martin McDonagh",,
18,tt0088763,2026-04-17,2026-04-17,"子供の頃見て、洋画好きにならなかった。アニメとか見てぇしって(山田)","バック・トゥ・ザ・フューチャー","Back to the Future",https://www.imdb.com/title/tt0088763/,映画,8.5,116,1985,"アドベンチャー, コメディ, SF",1448986,1985-12-07,"Robert Zemeckis",,
19,tt0799934,2026-04-17,2026-04-17,"山田さんに連絡すればポストに届く(野津)","僕らのミライへ逆回転","Be Kind Rewind",https://www.imdb.com/title/tt0799934/,映画,6.4,102,2008,"コメディ",96438,2008-10-11,"Michel Gondry",,
20,tt0780504,2026-04-17,2026-04-17,"ゲームっぽいと聞いたので見たことがある(千葉)","ドライヴ","Drive",https://www.imdb.com/title/tt0780504/,映画,7.8,100,2011,"アクション, ドラマ",761069,2012-03-31,"Nicolas Winding Refn",,
21,tt5691670,2026-04-17,2026-04-17,"日常の細かなところ全てに意味を見出して、しかも「ホントだよ？」っていう感じになっていく(山田)","アンダー・ザ・シルバーレイク","Under the Silver Lake",https://www.imdb.com/title/tt5691670/,映画,6.5,139,2018,"犯罪, ミステリー, スリラー",60482,2018-10-13,"David Robert Mitchell",,
22,tt32376165,2026-04-17,2026-04-17,"ザッピングシステム、バイオハザード2みたいな感じ(山田)","ハウス・オブ・ダイナマイト","A House of Dynamite",https://www.imdb.com/title/tt32376165/,映画,6.4,112,2025,"ドラマ, スリラー",115638,2025-10-24,"Kathryn Bigelow",,
23,tt0085407,2026-04-17,2026-04-17,"千葉さんのスターターパック(山田)","デッドゾーン","The Dead Zone",https://www.imdb.com/title/tt0085407/,映画,7.2,103,1983,"ドラマ, ファンタジー, スリラー",84433,1987-06-20,"David Cronenberg",,
24,tt28106766,2026-04-17,2026-04-17,"千葉さんのスターターパック(山田)","密輸 1970","Milsu",https://www.imdb.com/title/tt28106766/,映画,6.2,129,2023,"アクション, 犯罪",2169,2024-07-12,"Ryoo Seung-wan",,
25,tt0320661,2026-04-17,2026-04-17,"千葉さんのスターターパック(山田)","キングダム・オブ・ヘブン","Kingdom of Heaven",https://www.imdb.com/title/tt0320661/,映画,7.3,144,2005,"アクション, アドベンチャー, ドラマ, 歴史, 戦争",352305,2005-05-14,"Ridley Scott",,
26,tt0829482,2026-04-17,2026-04-17,"スターターに入れようか迷ってた(野津)","スーパーバッド　童貞ウォーズ","Superbad",https://www.imdb.com/title/tt0829482/,映画,7.6,113,2007,"コメディ",691841,2007-08-26,"Greg Mottola",,
27,tt0080455,2026-04-17,2026-04-17,"私の一番好きな映画(野津)","ブルース・ブラザース","The Blues Brothers",https://www.imdb.com/title/tt0080455/,映画,7.9,133,1980,"アドベンチャー, コメディ, 犯罪, 音楽, ミュージカル",228993,1981-03-28,"John Landis",,
28,tt0177789,2026-04-17,2026-04-17,"本当だったんだよっていう映画(山田)また？(野津)","ギャラクシー・クエスト","Galaxy Quest",https://www.imdb.com/title/tt0177789/,映画,7.4,102,1999,"アドベンチャー, コメディ, SF",191249,1999-12-25,"Dean Parisot",,
29,tt0805564,2026-04-17,2026-04-17,"これも山田さんに連絡してもらって(野津)配信のない、スターターパック向きの映画を集める仕事に就きます(山田)","ラースと、その彼女","Lars and the Real Girl",https://www.imdb.com/title/tt0805564/,映画,7.3,106,2007,"コメディ, ドラマ, ラブロマンス",167219,2008-12-20,"Craig Gillespie",,
30,tt23561236,2026-04-17,2026-04-17,"見たことある(千葉)","アメリカン・フィクション","American Fiction",https://www.imdb.com/title/tt23561236/,映画,7.5,117,2023,"コメディ, ドラマ",133405,2024-02-27,"Cord Jefferson",,
31,tt0838221,2026-04-17,2026-04-17,,"ダージリン急行","The Darjeeling Limited",https://www.imdb.com/title/tt0838221/,映画,7.2,91,2007,"アドベンチャー, コメディ, ドラマ",233872,2008-03-08,"Wes Anderson",,
32,tt8847712,2026-04-17,2026-04-17,,"フレンチ・ディスパッチ ザ・リバティ、カンザス・イヴニング・サン別冊","The French Dispatch of the Liberty, Kansas Evening Sun",https://www.imdb.com/title/tt8847712/,映画,7.1,107,2021,"コメディ, ドラマ, ラブロマンス",167426,2022-01-28,"Wes Anderson",,
33,tt2278388,2026-04-17,2026-04-17,"その中だったらグランド・ブダペスト・ホテルかなぁ、可愛いから(山田)","グランド・ブダペスト・ホテル","The Grand Budapest Hotel",https://www.imdb.com/title/tt2278388/,映画,8.1,99,2014,"コメディ, ドラマ",968081,2014-06-06,"Wes Anderson",,
34,tt0432283,2026-04-17,2026-04-17,,"ファンタスティック Mr. Fox","Fantastic Mr. Fox",https://www.imdb.com/title/tt0432283/,映画,7.9,87,2009,"アニメーション, アドベンチャー, コメディ, 犯罪, ドラマ, ファミリー",304094,2011-03-19,"Wes Anderson",,
35,tt0265666,2026-04-17,2026-04-17,"最近のウェス・アンダーソンはついていけなくなっちゃう(野津)","ザ・ロイヤル・テネンバウムズ","The Royal Tenenbaums",https://www.imdb.com/title/tt0265666/,映画,7.6,110,2001,"コメディ, ドラマ",334327,2002-09-07,"Wes Anderson",,
36,tt0111161,2026-04-17,2026-04-17,"これは学生の時に見て、寝ました(千葉)","ショーシャンクの空に","The Shawshank Redemption",https://www.imdb.com/title/tt0111161/,映画,9.3,142,1994,"ドラマ",3179184,1995-06-03,"Frank Darabont",,
37,tt0884328,2026-04-17,2026-04-17,"フランクダラボンツリー(山田)","ミスト","The Mist",https://www.imdb.com/title/tt0884328/,映画,7.1,126,2007,"ホラー, SF, スリラー",373672,2008-05-10,"Frank Darabont",,
38,tt0094761,2026-04-17,2026-04-17,"フランクダラボンツリー(山田)","ブロブ 宇宙からの不明物体","The Blob",https://www.imdb.com/title/tt0094761/,映画,6.7,95,1988,"ホラー, SF, スリラー",49109,1989-01-21,"Chuck Russell",,
39,tt0120689,2026-04-17,2026-04-17,"フランクダラボンツリー(山田)","グリーンマイル","The Green Mile",https://www.imdb.com/title/tt0120689/,映画,8.6,189,1999,"犯罪, ドラマ, ファンタジー, ミステリー",1557327,2000-03-25,"Frank Darabont",,
40,tt0114814,2026-04-17,2026-04-17,"展開で印象に残るタイプの映画(野津)","ユージュアル・サスペクツ","The Usual Suspects",https://www.imdb.com/title/tt0114814/,映画,8.5,106,1995,"犯罪, ドラマ, ミステリー, スリラー",1236329,1996-04-13,"Bryan Singer",,
41,tt0114369,2026-04-17,2026-04-17,"展開で印象に残るタイプの映画(野津)","セブン","Se7en",https://www.imdb.com/title/tt0114369/,映画,8.6,127,1995,"犯罪, ドラマ, ミステリー, スリラー",2014791,1996-01-27,"David Fincher",,
42,tt0095016,2026-04-17,2026-04-17,"シンプルにスペクタクル(山田)","ダイ・ハード","Die Hard",https://www.imdb.com/title/tt0095016/,映画,8.2,132,1988,"アクション, スリラー",1028311,1989-02-04,"John McTiernan",,
43,tt3263904,2026-04-17,2026-04-17,"こっちのほうが世間的には評価されていて、見やすさ的にもおすすめ、こっちを先に言えよっていう話。急所だけを狙ってくるような映画(野津)","ハドソン川の奇跡","Sully",https://www.imdb.com/title/tt3263904/,映画,7.4,96,2016,"バイオグラフィー, ドラマ, 歴史",321611,2016-09-24,"Clint Eastwood",,
44,tt1205489,2026-04-17,2026-04-17,"集大成だった許されざる者の、さらに集大成。長生きなので、集大成が人生で5回ぐらいある。(野津)","グラン・トリノ","Gran Torino",https://www.imdb.com/title/tt1205489/,映画,8.1,116,2008,"ドラマ",860617,2009-04-25,"Clint Eastwood",,
45,tt0381849,2026-04-17,2026-04-17,,"3時10分、決断のとき","3:10 to Yuma",https://www.imdb.com/title/tt0381849/,映画,7.6,122,2007,"アクション, 犯罪, ドラマ, 西部劇",350643,2009-08-08,"James Mangold",,
46,tt0490215,2026-04-17,2026-04-17,"これはどうなんですか？(千葉)","沈黙 -サイレンス-","Silence",https://www.imdb.com/title/tt0490215/,映画,7.2,161,2016,"ドラマ, 歴史",133642,2017-01-21,"Martin Scorsese",,
47,tt0335345,2026-04-17,2026-04-17,"これは相当ハードルが高いです。120ポイントぐらい(山田)","パッション","The Passion of the Christ",https://www.imdb.com/title/tt0335345/,映画,7.3,127,2004,"ドラマ",273646,2004-02-25,"Mel Gibson",,
48,tt3783958,2026-04-17,2026-04-17,"ミュージカル映画で最近で見やすいのは、結局ラ・ラ・ランドかなっていうふうには思うんですけど(山田) どうですかね？それ結構大事な岐路に立ってますよ(野津)","ラ・ラ・ランド","La La Land",https://www.imdb.com/title/tt3783958/,映画,8.0,128,2016,"コメディ, ドラマ, 音楽, ミュージカル, ラブロマンス",759791,2017-02-24,"Damien Chazelle",,
49,tt1707386,2026-04-17,2026-04-17,"あ、じゃあレ・ミゼラブルですね(山田)","レ・ミゼラブル","Les Misérables",https://www.imdb.com/title/tt1707386/,映画,7.5,158,2012,"ドラマ, ミュージカル, ラブロマンス",361736,2012-12-21,"Tom Hooper",,
50,tt0112462,2026-04-17,2026-04-17,"足し算の美学(野津)","バットマン・フォーエヴァー","Batman Forever",https://www.imdb.com/title/tt0112462/,映画,5.5,121,1995,"アクション, アドベンチャー",281692,1995-06-17,"Joel Schumacher",,
51,tt0075314,2026-04-17,2026-04-17,"異常な人間の生態を描く(野津)","タクシードライバー","Taxi Driver",https://www.imdb.com/title/tt0075314/,映画,8.2,114,1976,"犯罪, ドラマ",1023743,1976-09-18,"Martin Scorsese",,
52,tt0070246,2026-04-17,2026-04-17,"仁義なき戦いを噛ませればゴッド・ファーザーに行ける(野津)","仁義なき戦い","Jingi naki tatakai",https://www.imdb.com/title/tt0070246/,映画,7.4,99,1973,"犯罪, ドラマ",4776,1973-01-13,"Kinji Fukasaku",,
